{
    "_comment": "DO NOT EDIT: FILE GENERATED AUTOMATICALLY BY PTERODACTYL PANEL - PTERODACTYL.IO",
    "meta": {
        "version": "PTDL_v1"
    },
    "exported_at": "2019-03-15T16:25:38+00:00",
    "name": "Blightfall",
    "author": "aevum@decess.us",
    "description": "Blightfall is a combination modpack and adventure map about surviving on an alien planet. It uses magic mods and tech mods to create a novel gameplay experience. Can you survive on a world completely covered by Thaumcraft taint?\r\n\r\nhttps:\/\/www.technicpack.net\/modpack\/blightfall.592618",
    "image": "quay.io\/pterodactyl\/core:java",
    "startup": "java -Xms128M -Xmx{{SERVER_MEMORY}}M -jar Blightfall.jar",
    "config": {
        "files": "{\r\n    \"server.properties\": {\r\n        \"parser\": \"properties\",\r\n        \"find\": {\r\n            \"server-ip\": \"0.0.0.0\",\r\n            \"server-port\": \"{{server.build.default.port}}\",\r\n            \"query.port\": \"{{server.build.default.port}}\"\r\n        }\r\n    }\r\n}",
        "startup": "{\r\n    \"done\": \")! For help, type \",\r\n    \"userInteraction\": [\r\n        \"Go to eula.txt for more info.\"\r\n    ]\r\n}",
        "logs": "{\r\n    \"custom\": false,\r\n    \"location\": \"logs\/latest.log\"\r\n}",
        "stop": "stop"
    },
    "scripts": {
        "installation": {
            "script": "#!\/bin\/ash\r\n# Forge Installation Script\r\n#\r\n# Server Files: \/mnt\/server\r\napk update\r\napk add curl\r\n\r\ncd \/mnt\/server\r\n\r\ncurl -sS http:\/\/servers.technicpack.net\/Technic\/servers\/blightfall\/Blightfall_Server_v$MODPACK_VERSION.zip -o Blightfall_$MODPACK_VERSION.zip\r\n\r\nunzip Blightfall_$MODPACK_VERSION.zip\r\n\r\nrm -rf Blightfall_$MODPACK_VERSION.zip",
            "container": "alpine:3.9",
            "entrypoint": "ash"
        }
    },
    "variables": [
        {
            "name": "Modpack Version",
            "description": "Version of the modpack to use",
            "env_variable": "MODPACK_VERSION",
            "default_value": "2.1.5",
            "user_viewable": 1,
            "user_editable": 1,
            "rules": "required|string|max:20"
        }
    ]
}

