{
    "_comment": "DO NOT EDIT: FILE GENERATED AUTOMATICALLY BY PTERODACTYL PANEL - PTERODACTYL.IO",
    "meta": {
        "version": "PTDL_v1"
    },
    "exported_at": "2020-12-06T18:58:35-08:00",
    "name": "Tuinity",
    "author": "unknown@unknown.com",
    "description": "Fork of Paper aimed at improving server performance at high playercounts.",
    "features": ["eula"],
    "image": "quay.io\/parkervcp\/pterodactyl-images:debian_openjdk-11",
    "startup": "java -Xms128M -Xmx{{SERVER_MEMORY}}M -Dterminal.jline=false -Dterminal.ansi=true -jar {{SERVER_JARFILE}}",
    "config": {
        "files": "{\r\n    \"server.properties\": {\r\n        \"parser\": \"properties\",\r\n        \"find\": {\r\n            \"server-ip\": \"0.0.0.0\",\r\n            \"server-port\": \"{{server.build.default.port}}\"\r\n        }\r\n    }\r\n}",
        "startup": "{\r\n    \"done\": \")! For help, type \",\r\n    \"userInteraction\": [\r\n        \"Go to eula.txt for more info.\"\r\n    ]\r\n}",
        "logs": "{}",
        "stop": "stop"
    },
    "scripts": {
        "installation": {
            "script": "#!\/bin\/bash\r\n# Tuinity Installation Script\r\n#\r\n# Server Files: \/mnt\/server\r\n\r\napt update\r\napt -y install curl\r\ncd \/mnt\/server\r\n\r\nif [ ! -f server.properties ]; then\r\ncurl -o server.properties https:\/\/raw.githubusercontent.com\/parkervcp\/eggs\/master\/minecraft\/java\/server.properties\r\nfi\r\n\r\ncurl -o ${SERVER_JARFILE} https:\/\/ci.codemc.io\/job\/Spottedleaf\/job\/Tuinity\/lastStableBuild\/artifact\/tuinity-paperclip.jar",
            "container": "debian:buster-slim",
            "entrypoint": "bash"
        }
    },
    "variables": [
        {
            "name": "Server Jar File",
            "description": "The name of the server jarfile to run the server with.",
            "env_variable": "SERVER_JARFILE",
            "default_value": "server.jar",
            "user_viewable": true,
            "user_editable": true,
            "rules": "required|string|max:20"
        }
    ]
}